id,author_id,title,content,"created at"
1,1,"Apie karą",Mokomasis,"2022-01-22 00:00:00"
2,2,"Roziu menas",Sodininkystė,"2021-12-30 00:00:00"
3,3,"Laiptai i dangų",fantastika,"2022-02-01 00:00:00"
4,4,"CSS triukai","Web dizainas","2021-11-29 00:00:00"
5,5,"JS tricks","IT sektorius","2022-03-05 00:00:00"
6,6,Stabdys,automobilizmas,"2021-10-23 00:00:00"
7,7,Vairas,Automobilizmas,"2021-04-30 00:00:00"
8,8,Kurkliai,Sodininkystė,"2022-02-25 00:00:00"
9,9,"Sliekai sode",Sodininkystė,"2021-10-18 00:00:00"
10,10,ABS,Automobilizmas,"2022-05-12 00:00:00"
11,11,"Node JS bugai","IT sektorius","2022-05-23 00:00:00"
